acc,neg_acc,pos_acc,f1,tn,fp,fn,tp
0.8177444444444445,0.38806096334256795,0.9421790064628128,0.8890735362760245,392.4,618.45,201.7,3287.45
