acc,neg_acc,pos_acc,f1,tn,fp,fn,tp
0.8489681603773584,0.9227164074654113,0.6261759037209829,0.673050039637974,4703.7,394.05,630.55,1055.7
