acc,neg_acc,pos_acc,f1,tn,fp,fn,tp
0.9332852946067292,0.1870784018882234,0.9889875525716458,0.9650212080156013,234.15,1018.7,184.9,16603.25
