l2_path_len,l2_prox,l2_path_steps,failures,diversity,time
5.26395535508003,5.26395535508003,1.0,0.0,2.97691690092424,2219.1736000418664
