l2_path_len,l2_prox,l2_path_steps,failures,diversity,time
0.1614591296812183,0.1614591296812183,0.0,0.0,0.29195739336386306,105.84774758723164
