l2_path_len,l2_prox,l2_path_steps,failures,diversity,time
3.248693294560006,3.248693294560006,1.0,0.0,2.6578216214730532,1523.6249382019043
