l2_path_len,l2_prox,l2_path_steps,failures,diversity,time
8.021024318617867,8.021024318617867,1.0,0.0,10.32916632395698,6842.612185549736
