l2_path_len,l2_prox,l2_path_steps,failures,diversity,time
0.02591474768686576,0.02591474768686576,0.0,0.0,0.07323068886982416,14.749259761485158
