l2_path_len,l2_prox,l2_path_steps,failures,diversity,time
0.039322136671968225,0.039322136671968225,0.0,0.0,0.17138554373689302,48.33398152483289
