l2_path_len,l2_prox,l2_path_steps,failures,diversity
33.89848362197675,33.89848362197675,1.0,0.0,111.66060821010838
