l2_path_len,l2_prox,l2_path_steps,failures,diversity,time
0.24771190042321845,0.24771190042321845,0.0,0.0003395042825867399,0.5237748480976756,35.14840846741313
