l2_path_len,l2_prox,l2_path_steps,failures,diversity
19.646611326664036,19.646611326664036,1.0,0.0,72.2633270516833
