l2_path_len,l2_prox,l2_path_steps,failures,diversity
0.4668472866044042,0.4668472866044042,0.0,0.0,1.6391488028795516
