l2_path_len,l2_prox,l2_path_steps,failures,diversity
0.5430673830673869,0.5430673830673869,0.0,0.0,2.3086214100275755
