l2_path_len,l2_prox,l2_path_steps,failures,diversity,time
30.376143123101627,30.376143123101627,1.0,0.009940394708084456,112.45244781100214,380.0569256424904
