l2_path_len,l2_prox,l2_path_steps,failures,diversity,time
2.2843651202190047,2.2843651202190047,0.0,0.005605547203904939,8.320069684900572,17.327951297819627
