l2_path_len,l2_prox,l2_path_steps,failures,diversity,time
92.83567790109497,92.83567790109497,1.0,0.018882428695698,331.55664977155857,321.63776859045026
