l2_path_len,l2_prox,l2_path_steps,failures,diversity,time
7.383346971307428,7.383346971307428,1.0,0.0011,14.648714556992772,313.2996782422066
