l2_path_len,l2_prox,l2_path_steps,failures,diversity,time
0.5303765249773593,0.5303765249773593,0.0,0.001602784770536641,2.0621138017036693,17.366627054501905
