l2_path_len,l2_prox,l2_path_steps,failures,diversity,time
4.342063533813983,2.9844312774104744,1.878083416246064,0.29495000000000005,4.62477897170014,2789.383313846588
