l2_path_len,l2_prox,l2_path_steps,failures,diversity,time
0.00981314742101483,0.005579977560501562,0.0031339222154612044,0.003324925800517564,0.03870951418899466,31.833162961340772
