l2_path_len,l2_prox,l2_path_steps,failures,diversity
3.5744227270075344,2.6652300336145194,1.5108043354257117,0.34768667035590595,5.073534490891885
