l2_path_len,l2_prox,l2_path_steps,failures,diversity
8.496037208350998,4.5610060350790205,3.139520596784256,0.3421686149887113,4.877243107468442
