l2_path_len,l2_prox,l2_path_steps,failures,diversity,time
2.8353715219787086,2.8266530141754984,1.0062876313026952,0.06649123024152828,5.0101679615744406,2797.047446870804
