l2_path_len,l2_prox,l2_path_steps,failures,diversity
0.012105976007596447,0.006028415998702012,0.0033802284832950033,0.00445590972705576,0.032273411474418416
