l2_path_len,l2_prox,l2_path_steps,failures,diversity,time
7.878126147644902,4.508034043932252,2.976419303390084,0.404991435509796,4.299807618310693,1754.6655206918717
