l2_path_len,l2_prox,l2_path_steps,failures,diversity,time
0.10946351673399919,0.03633374436640892,0.035471755276356855,0.004531066389792113,0.11659637035659694,23.881242562578322
