l2_path_len,l2_prox,l2_path_steps,failures,diversity,time
0.004096010746560254,0.0034668805874061843,0.0009213042679657506,0.003607258521985624,0.030113066231376186,99.15319272362187
