l2_path_len,l2_prox,l2_path_steps,failures,diversity
0.06867953700273803,0.026176546630312755,0.021982499666350602,0.0032353861323294476,0.13245862690723287
