acc,neg_acc,pos_acc,f1
0.00136488973056734,0.003747603786662148,0.0018016615567377288,0.0010406594461321033
