acc,neg_acc,pos_acc,f1
0.7769333333333334,0.5677212952939992,0.8375082702933845,0.8533983705667133
