acc,neg_acc,pos_acc,f1
0.7833333333333333,0.5788402848423194,0.8404890531703156,0.858428924059823
0.7848888888888889,0.549949545913219,0.8512396694214877,0.8605589167386921
