acc,neg_acc,pos_acc,f1,tn,fp,fn,tp
0.8142666666666667,0.3534387598170096,0.9477679564353381,0.8877943735392997,357.3,653.55,182.25,3306.9
