l2_path_len,l2_prox,l2_path_steps,failures,diversity
4.274484370864423,3.9360533211743225,3.573518827636243,0.0,10.138064689493097
