l2_path_len,l2_prox,l2_path_steps,failures,diversity,time
25.81613501132489,3.6670004468655613,26.426240415363218,0.032716666666666665,14.147043265777588,4107.858286857605
