l2_path_len,l2_prox,l2_path_steps,failures,diversity
0.1918554538598683,0.17180794344966552,0.19431908603201198,0.0,0.821930178730476
