l2_path_len,l2_prox,l2_path_steps,failures,diversity
0.4170433930566686,0.03177030991507824,0.4972412868463002,0.01371793841150564,0.16005326343081763
