l2_path_len,l2_prox,l2_path_steps,failures,diversity,time
4.757772920144298,4.756726943571473,4.757772920144298,0.00920584367974044,14.891164168247617,86.14728708267212
