l2_path_len,l2_prox,l2_path_steps,failures,diversity,time
2.1671590431305408,0.02094786983838644,1.8068537332359615,0.007279357781260812,0.12050438321880293,278.34745214228946
