l2_path_len,l2_prox,l2_path_steps,failures,diversity,time
0.10057673896737974,0.09523670370333097,0.1020823013081159,0.0,0.5761715424362204,6.411652497888334
