l2_path_len,l2_prox,l2_path_steps,failures,diversity,time
6.035836238953836,5.506843359453019,5.378666518430231,0.0,11.523569170565127,209.9107385277748
