l2_path_len,l2_prox,l2_path_steps,failures,diversity,time
0.1270684007587132,0.12701559356367495,0.1270684007587132,0.0022350194210145496,1.0399084291496201,2.5381531356412554
