l2_path_len,l2_prox,l2_path_steps,failures,diversity
7.998742866425671,3.595071923597442,7.83935291387998,0.10807216074130441,8.986116869662217
